ุนููุงู ุงููุชุงุจ,ุงููุคูู,ุงูุชุตููู,ุนุฏุฏ ุงูุตูุญุงุช,ุงููุตู,ุฑุงุจุท ุงููุชุงุจ
ูุณุชุฑ ูุฑุณูุฏุณ,ุณุชููู ูููุบ,ูุชุฑุฌูุงุชุ ุฑูุงูุงุชุ ุฑุนุจ ูุบููุถุ ุฃุฏุจ ุฃูุฑููู,480,"ูุชุงุจ ูุณุชุฑ ูุฑุณูุฏุณ ุจููู ุณุชููู ูููุบ ... ""ุชุฎุฑุฌ ุงูุณูุงุฑุฉ ุงููุฑุณูุฏุณ ุงููุณุฑููุฉ ูู ุถุจุงุจ ูุง ูุจู ุงููุฌุฑ ูุชุดู ุทุฑูููุง ุนุจุฑ ุญุดุฏ ูู ุงูุฑุฌุงู ูุงููุณุงุก ุงููุตุทููู ูู ุทุงุจูุฑ ููุญุตูู ุนูู ูุธููุฉ ูู ูุฏููุฉ ุฃูุฑูููุฉ ูุงุณุฏุฉ. ููู ูุนูุฏ ุงูุณุงุฆู ุงููุญูุฏ ููุฎููุ ุซู ููุทูู ูุณุฑุนูุง ุฅูู ุงูุฃูุงูุ ูุฎูููููุง ุซูุงููุฉ ูุชูู ูุงูุนุฏูุฏ",https://www.aseeralkotb.com/ar/books/%D9%85%D8%B3%D8%AA%D8%B1-%D9%85%D8%B1%D8%B3%D9%8A%D8%AF%D8%B3
ูุชุงุจ ุงููุฑุงูุง,ุฅู. ุฃู. ุชุดูุฑูููุชุดู,ูุชุฑุฌูุงุชุ ุฑูุงูุงุชุ ุฌุฑููุฉ ูุชุดููู ๐ช๐ฉธ,304,"ูุชุงุจ ูุชุงุจ ุงููุฑุงูุง ุจููู ุฅู. ุฃู. ุชุดูุฑูููุชุดู ... "" ุฌุฑููุฉ ูุชู ูุญุดูุฉ.. ูุฑูู ุซูุงุซูู ุนุงููุง ููุฐ ููุช ุงูุนุซูุฑ ุนูู ุงูุจุฑูููุณูุฑ ููุฏุฑ ุบุงุฑููุง ูู ุฏูุงุฆู ุฏุงุฎู ููุฒูู ุงููุฎู. ูู ุชููู ุงูุฃุฏูุฉ ุงููุชููููุฑุฉ ุญูููุง ุชููู ูุฅุฏุงูุฉ ุฃููู ูู ุงููุดุชุจู ูููู. ูุฐุง ูู ุชูุญูู ุงููุถูุฉ ูุท. ููุบุฒู ุฏููู.. ุงูุขูุ ุงูุชูุดููุช ูุฎุท",https://www.aseeralkotb.com/ar/books/%D9%83%D8%AA%D8%A7%D8%A8-%D8%A7%D9%84%D9%85%D8%B1%D8%A7%D9%8A%D8%A7
ูุฑุจุงู ุขู ูููุณ,ุฃุญูุฏ ุฎูุฑู ุงูุนูุฑู,ุฑูุงูุงุชุ ุฑูุงูุงุช ุชุงุฑูุฎูุฉ,368,"ูุชุงุจ ูุฑุจุงู ุขู ูููุณ ุจููู ุฃุญูุฏ ุฎูุฑู ุงูุนูุฑู ... ""ุฒูุงุฑุฉ ุนูู ูููู ุจูุง ุตููุจ ุงููููุฏุณ ุงูุฃูุฑููู ูู ุฃุตู ุนุฑุงูู ุฅูู ูุฏููุฉ ุงูููุตู ุงูุชู ููุชูู ุฅูููุง ูุงูุฏุงู ูุงูุชู ูู ูุฑูุง ูู ูุจู. ุณุจุจ ุงูุฒูุงุฑุฉ ูุชุนูู ุจุชูุฏููู ูุชุตููู ูุนูุงุฑู ูุฅุนุงุฏุฉ ุจูุงุก ูุฑูุฏ ุงููุจู ูููุณ ุงูุฐู ูุฌุฑุชู ุฏุงุนุด ูู ุฃุซูุงุก ุณูุทุฑุชูุง ุนูู ุงููุฏูู",https://www.aseeralkotb.com/ar/books/%D9%82%D8%B1%D8%A8%D8%A7%D9%86-%D8%A2%D9%84-%D9%8A%D9%88%D9%86%D8%B3
ุงูุนุงู ุงูุฃุฎูุฑ ูู ุนูุฑ ุงููุงูุฑุฉ,ุฃุญูุฏ ุฅุจุฑุงููู ุฅุณูุงุนูู,ุฑูุงูุงุช,272,"ูุชุงุจ ุงูุนุงู ุงูุฃุฎูุฑ ูู ุนูุฑ ุงููุงูุฑุฉ ุจููู ุฃุญูุฏ ุฅุจุฑุงููู ุฅุณูุงุนูู ... ""ููู ุงููุงูุฑุฉ ูู ุงูุนุงู ูขูฃูขูุ ููู ุงูุทุจูู ูู ุงูุจูุทุฑูุงุชุ ูููู ุงููุจูุชู ูู ุงูุงุตุทุจูุงุชุ ูููู ุงููุบุฉู ูู ุซูุงุซู ูุบุงุชุ ูููู ุงูุนุจุงุฏุฉู ูู ุซูุงููู ูุฃุฑุจุนูู ุฏูุงูุฉุ ูููู ุฎุงููุง ุงูุดูุณู ูููู ูู ูุนุฑููุง ุงููุทุฑู ูููู ุฑุฌููุง ุงูุดุนุฑุงุกู ูููู",https://www.aseeralkotb.com/ar/books/%D8%A7%D9%84%D8%B9%D8%A7%D9%85-%D8%A7%D9%84%D8%A3%D8%AE%D9%8A%D8%B1-%D9%81%D9%8A-%D8%B9%D9%85%D8%B1-%D8%A7%D9%84%D9%82%D8%A7%D9%87%D8%B1%D8%A9
ุฏุงูุชู ููุนุจ ุงููุฑุฏ,ุฏ. ูููุฏ ุนุจุฏ ุงูุตุจูุฑ,ุฑูุงูุงุช,152,ูุชุงุจ ุฏุงูุชู ููุนุจ ุงููุฑุฏ ุจููู ุฏ. ูููุฏ ุนุจุฏ ุงูุตุจูุฑ ... ูู ููุฌุญ ูููุง ูุดู ููู ุณูุฏ ุงูุนุจูุฏ ุฃู ููุนูุฏ ุงูุชุงุฑูุฎ ููุณูุ ุงููุถููุน ูุฎุชููู ูุฐู ุงููุฑุฉุ ูุฐุง ุงูุฑุฌู ููููุณ ูุงุณุจุงุฑุชุงููุณ ุณูุฏ ูุคูุงุก ุงูุญูุงุฉ ุงูุนุฑุงุฉ. ุฅููุง ุจูุบ ูุง ูู ูุจูุบู ุจุดุฑ ูู ุงูุซุฑูุฉ ูุงูููุฉุ ุชุฎุฑุฌ ูุตุงูุนู ุงูุนููุงูุฉ ูุณูุฑุงุชู ูุทูุงูุงุชู ุฎุงุฑูุฉู,https://www.aseeralkotb.com/ar/books/%D8%AF%D8%A7%D9%86%D8%AA%D9%8A-%D9%8A%D9%84%D8%B9%D8%A8-%D8%A7%D9%84%D9%86%D8%B1%D8%AF
ุฃุจูุงุก ุงูุธู,ูุงูุฉ ุนุจุงุณ,ุฑูุงูุงุช,152,ูุชุงุจ ุฃุจูุงุก ุงูุธู ุจููู ูุงูุฉ ุนุจุงุณ ... ุนูุฏูุง ุงููุฌุฑุช ุงูุญูููุฉ ูู ูุฌูู ูู ุฃุชูุงุฌุฃุ ููุทุงููุง ุดููุช... ูู ูุงุฐุงุ ูุง ุฃุนุฑู! ูููู ุงูุฃููุฏ ูู ุฃู ุงูุดู ูุงู ุฑุงุจุถูุง ูู ุฃุนูุงูู. ูุง ูุงุฌุฃูู ูู ุฃู ุงูุญูููุฉ ุญูู ุงููุฌุฑุช ูุฑุณูุฉ ุฒูุงุจุนูุง ููุช ุฃูุง ุจุงูุฐุงุช ูู ูุฑูุฒ ุงูุจุฑูุงูุ ูุฃู ุงูุนุงูู ุญูู ุงููุงุฑ ุงููุงุฑ ุนูู ุฑุฃุณู ุฃูุง,https://www.aseeralkotb.com/ar/books/%D8%A3%D8%A8%D9%86%D8%A7%D8%A1-%D8%A7%D9%84%D8%B8%D9%84
ุงููุคูุคุฉ (ุนุฑุจู ุฅูุฌููุฒู),ุฌูู ุณุชุงููุจู,ุฑูุงูุงุชุ ุฃุฏุจ ูุงุดุฆููุ ุฑูุงูุงุช ููุงุณูููุฉ,224,"ูุชุงุจ ุงููุคูุคุฉ (ุนุฑุจู ุฅูุฌููุฒู) ุจููู ุฌูู ุณุชุงููุจู ... ""ูุงู ูููู ุบูุงุตูุง ูููุฑูุงุ ูุซู ูุงูุฏู ูุฌุฏู ูุจููุ ูุฌูุน ุงููุคูุค ูู ูุงุน ุงูุฎููุฌ ุงูุฐู ุฌูุจ ุฐุงุช ูุฑุฉ ุซุฑูุฉ ูุจูุฑุฉ ููููู ุฅุณุจุงููุงุ ูุงูุขู ูููุฑ ููููู ูุฒูุฌุชู ุฌูุงูุง ูุงุจูููุง ุงูุฑุถูุน ูุณููุฉ ุนูุด ูุชูุงุถุนุฉ. ุซูุ ูู ููู ุนุงุฏูุ ูุฎุฑุฌ ูููู ูู ุงูุจุญุฑ ุจูุคูุคุฉ ูุจู",https://www.aseeralkotb.com/ar/books/%D8%A7%D9%84%D9%84%D8%A4%D9%84%D8%A4%D8%A9-%D8%B9%D8%B1%D8%A8%D9%8A-%D8%A5%D9%86%D8%AC%D9%84%D9%8A%D8%B2%D9%8A
ุฃูุงู ูุงุฑููุง 3 (ุฑุญูุฉ ุทูุงูุฉ ุงููุฌุฑ),ุณู. ุฅุณ. ูููุณ,ุฑูุงูุงุชุ ุฃุฏุจ ูุงุดุฆููุ ุฎูุงู ููุบุงูุฑุฉ,200,"ูุชุงุจ ุฃูุงู ูุงุฑููุง 3 (ุฑุญูุฉ ุทูุงูุฉ ุงููุฌุฑ) ุจููู ุณู. ุฅุณ. ูููุณ ... ""ูุงุฑููุง... ุฃุฑุถ ุงูุชูุงููู ุงูุดุฑูุฑุฉ ูุงูุชุนุงููุฐ ุงูุณุญุฑูุฉ. ุงูุฃุฑุถ ุงูุชู ุชูุฎุฑุฌ ุฃูุถู ูุง ูู ุงููุงุณุ ุญุชู ุงูุณูุฆูู ูููู. ุงูุฃุฑุถ ุงูููุฃู ุจุงูุฃุญุฏุงุซ ุงูุบุฑูุจุฉุ ูุงูุญุงููุฉ ุจุงููุบุงูุฑุงุช ุงูุนุฌูุจุฉ. ุทูููุงูุฉ ุงููุฌุฑ ูู ุฃูู ุณูููุฉ ุชุดูุฏูุง ูุงุฑููุง ููุฐ ูุฑููุ",https://www.aseeralkotb.com/ar/books/%D8%A3%D9%8A%D8%A7%D9%85-%D9%86%D8%A7%D8%B1%D9%86%D9%8A%D8%A7-3-%D8%B1%D8%AD%D9%84%D8%A9-%D8%B7%D9%88%D8%A7%D9%81%D8%A9-%D8%A7%D9%84%D9%81%D8%AC%D8%B1
ุฃูุงู ูุงุฑููุง 2 (ุงูุฃููุฑ ูุงุณุจูุงู),ุณู. ุฅุณ. ูููุณ,ุฑูุงูุงุชุ ุฃุฏุจ ูุงุดุฆููุ ุฎูุงู ููุบุงูุฑุฉ,184,"ูุชุงุจ ุฃูุงู ูุงุฑููุง 2 (ุงูุฃููุฑ ูุงุณุจูุงู) ุจููู ุณู. ุฅุณ. ูููุณ ... ""ูุงุฑููุงุ ุงูุจูุงุฏ ุงููุงุจุนุฉ ุจูู ุนููุฏ ุงูุฅูุงุฑุฉ ูููุนุฉ ููุฑ ูพุงุฑุงฺคููุ ุญูุซ ุชูุทู ุงูุญููุงูุงุชุ ูุชุญุฏุซ ุงูุฃุดูุงุก ุงูุณุญุฑูุฉุ ูุญูุซ ุชุจุฏุฃ ุงููุบุงูุฑุฉ! ูู ุทุฑูู ุนูุฏุฉ ูพูุชุฑ ูุณูุฒู ูุฅุฏููุฏ ูููุณู ุฅูู ุงููุฏุฑุณุฉ ุงูุฏุงุฎููุฉุ ูุจูููุง ูุฌูุณูู ุนูู ุฑุตูู ูุญุทุฉ ุงูุณูู",https://www.aseeralkotb.com/ar/books/%D8%A3%D9%8A%D8%A7%D9%85-%D9%86%D8%A7%D8%B1%D9%86%D9%8A%D8%A7-2-%D8%A7%D9%84%D8%A3%D9%85%D9%8A%D8%B1-%D9%83%D8%A7%D8%B3%D8%A8%D9%8A%D8%A7%D9%86
ููุจู ุฏูู (ุนุฑุจู ุฅูุฌููุฒู),ูุฑูุงู ููููู,ุฑูุงูุงุชุ ุฃุฏุจ ูุงุดุฆููุ ุฎูุงู ููุบุงูุฑุฉ,256,"ูุชุงุจ ููุจู ุฏูู (ุนุฑุจู ุฅูุฌููุฒู) ุจููู ูุฑูุงู ููููู ... ""ูุงุญุฏุฉ ูู ุฃุนุธู ุฃุนูุงู ุงูุฎูุงู ูู ุชุงุฑูุฎ ุงูุฃุฏุจ. ุจุดูู ูุจุฏุฆูุ """"ููุจู ุฏูู"""" ูู ูุตุฉ ุฑุฌู ูุฌููู ุจุดูู ุบุฑูุจ ูุดููู ุญุฑุจูุง ุถุงุฑูุฉ ุถุฏ ูุฎููู ุถุฎู ูุฎุทูุฑ ูุบูุฑ ูุนุฑูู ุชูุงููุง ูุซู ุงูุจุญุฑ ููุณู. ููู ุงูุฑูุงูุฉ ุชุชุฌุงูุฒ ููููุง ูุฌุฑุฏ ูุตุฉ ูุบุงูุฑุฉุ ูุฃูุซุฑ ูู ูุฌุฑุฏ ู",https://www.aseeralkotb.com/ar/books/%D9%85%D9%88%D8%A8%D9%8A-%D8%AF%D9%8A%D9%83-%D8%B9%D8%B1%D8%A8%D9%8A-%D8%A5%D9%86%D8%AC%D9%84%D9%8A%D8%B2%D9%8A
ููุชุฏ,ููู ุดูุณุชุฑูุงู,ูุชุฑุฌูุงุชุ ุฑูุงูุงุชุ ุฎูุงู ููุบุงูุฑุฉุ ุฃุฏุจ ุฃูุฑูููุ ูุงูุชุงุฒูุง,416,"ูุชุงุจ ููุชุฏ ุจููู ููู ุดูุณุชุฑูุงู ... ""ูุตุต ุฃุฎูุฑุฉ ูู ุนุงูู ุงูุชูููู ุญูุงูุงุช ุนุงูู ุงูุชูููู ุงูุบุฑูุจ ูุงููุซูุฑ ูู ุชูุชูู ุจุนุฏุ ุจู ูุง ุฒุงูุช ููุชุฏุฉ ูู ูุฐุง ุงููุชุงุจ ุงูุฎุงูุณ ูุงูุฃุฎูุฑ ูู ุฏุณุชูุจูุง ุงูุชูููู. ูุญูู ูุฐุง ุงููุชุงุจ ุจูู ุฏูุชูู ุชููููุฉ ุฑุงุฆุนุฉ ูู ุงููุตุต ุงููุตูุฑุฉ ุงููููุตูุฉ ุงููุชุตูุฉุ ุงูุชู ุชุฏูุฑ ูููุง ูู ุนูุงูู ุงู",https://www.aseeralkotb.com/ar/books/%D9%85%D9%85%D8%AA%D8%AF
ูุบุฒ ุงูุณุฏุงุฏุฉ ุงููุฑูุณุชุงู,ููุฑูุณ ููุจูุงู,ูุชุฑุฌูุงุชุ ุฑูุงูุงุชุ ุฎูุงู ููุบุงูุฑุฉ,272,"ูุชุงุจ ูุบุฒ ุงูุณุฏุงุฏุฉ ุงููุฑูุณุชุงู ุจููู ููุฑูุณ ููุจูุงู ... ""ูู ุฅุญุฏู ูุบุงูุฑุงุชู ุงูุฃูุซุฑ ุฅุซุงุฑุฉุ ูุฌุฏ ุฃุฑุณูู ููุจูู ููุณู ูู ููุงุฌูุฉ ูุน ูุงุญุฏุฉ ูู ุฃุฎุทุฑ ุงูุดุฎุตูุงุช ุงูุชู ูุงุฌููุง ุนูู ุงูุฅุทูุงู: ุงููุงุฆุจ ุฏูุจุฑููุ ุฑุฌู ุจูุง ููุจ ููุง ุถููุฑุ ูุฎูู ูุซููุฉ ุณุฑูุฉ ูุฏ ุชูุบูุฑ ูุณุงุฑ ุงูุนุฏุงูุฉ. ุนูุฏูุง ูุชูุฑุท ุงุซูุงู ูู ุดุฑูุงุก ููุจูู ู",https://www.aseeralkotb.com/ar/books/%D9%84%D8%BA%D8%B2-%D8%A7%D9%84%D8%B3%D8%AF%D8%A7%D8%AF%D8%A9-%D8%A7%D9%84%D9%83%D8%B1%D9%8A%D8%B3%D8%AA%D8%A7%D9%84
ูุฌุชูุน ุงูุซูุฌ,ุจุงุจูู ุจููุฑุณู,ูุชุฑุฌูุงุชุ ุฑูุงูุงุชุ ุฑูุงูุงุช ุชุงุฑูุฎูุฉ,416,"ูุชุงุจ ูุฌุชูุน ุงูุซูุฌ ุจููู ุจุงุจูู ุจููุฑุณู ... ""ุชูุนุฏ ุฑูุงูุฉ """"ูุฌุชูุน ุงูุซูุฌ"""" ุดูุงุฏุฉ ุชุงุฑูุฎูุฉ ุชุณุชูุฏ ุฅูู ุญุฏุซ ุญูููู ููุน ูู ุนุงู 1972ุ ุนูุฏูุง ุชุญุทูุช ุทุงุฆุฑุฉ ูู ุฌุจุงู ุงูุฃูุฏูุฒ. ุชุชุนูู ุงูุฑูุงูุฉ ูู ููุถูุนุงุช ุฅูุณุงููุฉ ูุซู ุงูุตุฑุงุน ูู ุฃุฌู ุงูุจูุงุก ุนูู ููุฏ ุงูุญูุงุฉุ ูุงูุฅููุงูุ ูุงูุชุถุงูู ูู ุงูููุงูู ุงููุตููุ ุญูุซ ูุงู ุน",https://www.aseeralkotb.com/ar/books/%D9%85%D8%AC%D8%AA%D9%85%D8%B9-%D8%A7%D9%84%D8%AB%D9%84%D8%AC
ูููุง ุงูููุงุฒู ุงููุงุตูุฉ (ุฌุฒุฆูู),ููุงุฑุฏ ุณุจุฑููุฌ,ูุชุฑุฌูุงุชุ ุฑูุงูุงุชุ ุฎูุงู ููุบุงูุฑุฉุ ุฑูุงูุงุช ููุงุณูููุฉุ ุฃุฏุจ ุจุฑูุทุงูู,776,ูุชุงุจ ูููุง ุงูููุงุฒู ุงููุงุตูุฉ (ุฌุฒุฆูู) ุจููู ููุงุฑุฏ ุณุจุฑููุฌ ... ูููููุฐู ุงูุฑูุงููููุฉ ุงูุนููููุงุณ ุณุญููููููุฑู ููุฌุงุฒู ููุนุงูููููู ุนูู ููุงูุฐ ูุตุฑย ุงููุฑูุณุชุงูุ ุงููุตุฑ ุงูุฐู ููุซู ุฃุญูุงููุง ุฌููุนูุงุ ูุงูุชู ููุง ูููุชูููุง.. ูููุง ุงูููุงุฒู ุงููุงุตูุฉ.,https://www.aseeralkotb.com/ar/books/%D9%84%D9%88%D9%84%D8%A7-%D8%A7%D9%84%D9%85%D9%86%D8%A7%D8%B2%D9%84-%D8%A7%D9%84%D9%81%D8%A7%D8%B5%D9%84%D8%A9-%D8%AC%D8%B2%D8%A6%D9%8A%D9%86
ูุงุญุฉ ุงููุนููุจ,ุนูุฑู ุนุจุฏ ุงูุญููุฏ,ุฑูุงูุงุชุ ุฎูุงู ููุบุงูุฑุฉ,304,ูุชุงุจ ูุงุญุฉ ุงููุนููุจ ุจููู ุนูุฑู ุนุจุฏ ุงูุญููุฏ ... ูููุฏูุง ุจูุง ุฌูููุ ูู ููุงูู ูุง ูุนุฑู ุงูุฑุญูุฉ. ููู ูุงุญุฉ ุงููุนููุจุ ุฑูุดุฉ ุฌููู ูุงุญุฏุฉ ุชุนูู ุงูููุชุ ููุน ุงุฎุชูุงุก ุงูุธูุงู ุงูุชู ุชุญูููุงุ ุตุงุฑ ุงูุจูุงุก ูุฌุฑุฏ ูุณุฃูุฉ ููุช.,https://www.aseeralkotb.com/ar/books/%D9%88%D8%A7%D8%AD%D8%A9-%D8%A7%D9%84%D9%8A%D8%B9%D9%82%D9%88%D8%A8
ุนุตุฑ ุงูุฃุถุญูุงุช,ุฅุณูุงู ุฎุงูุฏ,ุฑูุงูุงุชุ ุฎูุงู ููุบุงูุฑุฉ,288,"ูุชุงุจ ุนุตุฑ ุงูุฃุถุญูุงุช ุจููู ุฅุณูุงู ุฎุงูุฏ ... ""ูู ุงูููุฆุฉ ุงูุนููุง ูุชูููุฐ ุงูุฃุญูุงู ููููู ุณุงูุฑูุงูุณ ูุฒุงูุง ุทูุจ ุงูุชุถุญูุฉ: ุฅููู ุนุฑุถูุง ุงูุฎุงุตุ ููููู ุงูุขู ุงูุญุตูู ุนูู ูุฒุงูุง ุฎุงุตุฉ ูู ููุงุจู ุงูุชุถุญูุฉ ุจุฃู ูุฑุฏ ูู ุฃุณุฑุชู. ููุฐุง ููุณ ุนุฑุถูุง ุงููุญูุฏ.. ูุณุชุญุตู ุฃูุถูุง ุนูู ูุตู ุซุฑูุชู ูุธูุฑ ูุณุงููุชู ุงูุนุธููุฉ ูู ุชูููู ุฃ",https://www.aseeralkotb.com/ar/books/%D8%B9%D8%B5%D8%B1-%D8%A7%D9%84%D8%A3%D8%B6%D8%AD%D9%8A%D8%A7%D8%AA
ุงููู ููุง ููุฐุจ,ุดุงุฑู ูุงุจููุง,ูุชุฑุฌูุงุชุ ุฑูุงูุงุชุ ุฌุฑููุฉ ูุชุดููู ๐ช๐ฉธ,304,"ูุชุงุจ ุงููู ููุง ููุฐุจ ุจููู ุดุงุฑู ูุงุจููุง ... ""ููุง ุณุชุงูููุจุ ุงูุญู ุงูุณููู ุงูุขููุ ุงูููุงู ุงูุฃูุซู ููุนุงุฆูุงุช. ููููุงู ูููุฑุ ุฑุจูู ุฃุณุฑุฉ ูุทุจูุจู ูุฑูููุ ุชููู ุนุดููุชู ููุฑุง -ุฌุงุฑุชู ุงููุชุฒูุฌุฉ- ุนูุงูุชููุง ุงูุณุฑูุฉ ุฏูู ููุฏูุงุชุ ุจุนุฏ ุธููุฑุฉ ููู ูุดุคูู. ูุฏู ุนูุฏุชู ูููุฒูู ูู ุญูู ุดุฏูุฏ ูุชูุชุฑุ ุทุงูุจูุง ุจุนุถ ุงูุณูููุฉ ูุจ",https://www.aseeralkotb.com/ar/books/%D8%A7%D9%84%D9%83%D9%84-%D9%87%D9%86%D8%A7-%D9%8A%D9%83%D8%B0%D8%A8
ููุชุจุฉ ุฌุจู ุชุดุงุฑ,ุณููุช ูููููุฒ,ูุชุฑุฌูุงุชุ ุฑูุงูุงุชุ ุฎูุงู ููุบุงูุฑุฉ,504,"ูุชุงุจ ููุชุจุฉ ุฌุจู ุชุดุงุฑ ุจููู ุณููุช ูููููุฒ ... ""ุณูุฏุฎู ููุชุจุฉ ุชุถู ุฃุณุฑุงุฑ ุงูููู! ูุง ุชุฎุชูู ูุงุฑูููู ูุซูุฑูุง ุนู ุงูุขุฎุฑูู ูู ุญูููุงุ ูุงูุช ุงูุฑุฃุฉ ุฃูุฑูููุฉ ุนุงุฏูุฉ ุฐุงุช ูููุ ููู ุฐูู ูุงู ููุฐ ููุชู ุทููู ุฌุฏููุงุ ูุจู ููุงุฉ ูุงูุฏููุง. ูุจู ุฃู ูุฃุฎุฐูุง ูุงูุขุฎุฑูู ุฑุฌูู ุฃุทูููุง ุนููู ุงุณู ุงูุฃุจ. ูุฎูุงู ุงูุณููุงุช ุงูุชู ุชูุช",https://www.aseeralkotb.com/ar/books/%D9%85%D9%83%D8%AA%D8%A8%D8%A9-%D8%AC%D8%A8%D9%84-%D8%AA%D8%B4%D8%A7%D8%B1
ุงููุตู ููุณู,ฺู ุขุจุฑูุฑููุจู,ูุชุฑุฌูุงุชุ ุฑูุงูุงุชุ ุฎูุงู ููุบุงูุฑุฉุ ุฃุฏุจ ุจุฑูุทุงููุ ูุงูุชุงุฒูุง,576,"ูุชุงุจ ุงููุตู ููุณู ุจููู ฺู ุขุจุฑูุฑููุจู ... ""ููุฌู ุงูุฃุตุงุจุน ุงูุชุณุน ุงูุจุฑุจุฑู ุณูุฆ ุงูุณูุนุฉุ ููุฏ ุญุธู ุฃุฎูุฑูุง ูุชูุฑุท ูู ุงููุชุงู ุงูุฐู ุณูุฌุนูู ุงูุจุฑุจุฑู ุงูููุช. ูู ูุชุฑู ุณูู ุงูุฃุบุงูู ุงูุณูุฆุฉุ ูุงูุฃุตุฏูุงุก ุงูููุชูุ ูุงููุซูุฑ ูู ุงูุฃุนุฏุงุก ุงูุณุนุฏุงุก. ุงููููุจ ฺูุฒุงู ุฏุงู ููุซุงุฑุ ุงูุถุงุจุท ุงููุจูู ุงููุณูู ูููุฐุฌ ุงูุฃูุงููุฉ ูุงูุบ",https://www.aseeralkotb.com/ar/books/%D8%A7%D9%84%D9%86%D8%B5%D9%84-%D9%86%D9%81%D8%B3%D9%87
ููุชูู,ููู ุดูุณุชุฑูุงู,ูุชุฑุฌูุงุชุ ุฑูุงูุงุชุ ุฎูุงู ููุบุงูุฑุฉุ ุฃุฏุจ ุฃูุฑููู,504,"ูุชุงุจ ููุชูู ุจููู ููู ุดูุณุชุฑูุงู ... ""ูุตู ูุทุงุฑ ุฏุณุชูุจูุง ุงูุชูููู ุฅูู ูุญุทุชู ุงูุฑุงุจุนุฉุ ุงูุชู ูุง ุชูู ุฅุซุงุฑุฉ ูุชุดููููุง ุนู ุงููุญุทุงุช ุงูุซูุงุซ ุงูุณุงุจูุฉ ยซููููยปุ ูยซููููุตยปุ ูยซููุฑููุบยป. ูู ูุฐุง ุงููุชุงุจ ุงูุฑุงุจุนุ ุชูุฑูุช ูุณุงุฑุงุช ุฃุจุทุงููุง ูู ุฌุฏูุฏุ ููู ุธู ูุฏููู ูุงุญุฏูุงุ ููู ุงููุถุงุก ุนูู ุงูุชูููู. ุงูุชุดู ูููุฑ ูุฑูุณุง",https://www.aseeralkotb.com/ar/books/%D9%85%D9%83%D8%AA%D9%85%D9%84
ูููุจุฉ ุงููุชู,ุจูุชุฑ ุณูุงูุณูู,ูุชุฑุฌูุงุชุ ุฑูุงูุงุชุ ุฌุฑููุฉ ูุชุดููู ๐ช๐ฉธ,328,"ูุชุงุจ ูููุจุฉ ุงููุชู ุจููู ุจูุชุฑ ุณูุงูุณูู ... ""ูุงูุช ูุงุฑุซุง ุฑุงุชููู ูุฏ ุงุณุชุณููุช ููุฐ ุฒูู ูููุฑุฉ ุงูุนุฒูุจูุฉ ุงูุฏุงุฆูุฉ. ูู ูุฒุนุฌูุง ุงูุฃูุฑุ ุจู ูุงูุช ุชุฌุฏ ุณุนุงุฏุชูุง ูู ุนุงูููุง ุงููููุฑุฏุ ูุญูุฒูุง ุนูููุง ููููุง ุฅุฎุตุงุฆูุฉ ุฃุฑุดููุ ูุญุงุทุฉ ุฏุงุฆููุง ุจุงูุฃููุงุฑ ุงูุชู ุชุดุญุฐ ููุฑูุงุ ูุงููุชุจ ุงูุชู ุชุนุดููุง. ููููุง ุงูุชูุชู ุขูุงูุ ูุทููู",https://www.aseeralkotb.com/ar/books/%D9%85%D9%88%D9%87%D8%A8%D8%A9-%D8%A7%D9%84%D9%82%D8%AA%D9%84
ูู ุดุฎุต ูุฐุง ุงููุฑูุณูุงุณ ูุฏูู ุณุฑ ูุง,ุจูุฌุงููู ุณุชูููุณู,ูุชุฑุฌูุงุชุ ุฑูุงูุงุชุ ุฌุฑููุฉ ูุชุดููู ๐ช๐ฉธ,248,"ูุชุงุจ ูู ุดุฎุต ูุฐุง ุงููุฑูุณูุงุณ ูุฏูู ุณุฑ ูุง ุจููู ุจูุฌุงููู ุณุชูููุณู ... "" ุงุณูู ุฅุฑูุณุช ูุงูููุฌูุงู. ููุช ูู ูุญุจู ูุฑุงุกุฉ ุฑูุงูุงุช ุงูุบููุถ ูู ุงูุนุตุฑ ุงูุฐูุจูุ ุฅูู ุฃู ูุฌุฏุช ููุณู ุนุงูููุง ูู ูููุฉ ุนุดูุงุฆูุฉ ูู ูุณุท ุฌุฑุงุฆู ุญููููุฉ. ููุช ุขูู -ูู ุนูุฏ ุงููููุงุฏ ูุฐุง- ุฃู ุฃู ูุงุชู ูุญุชุฑู ุณูุฃุฎุฐ ูุณุทูุง ูู ุงูุฑุงุญุฉ ููุณุชุฑุฎ",https://www.aseeralkotb.com/ar/books/%D9%83%D9%84-%D8%B4%D8%AE%D8%B5-%D9%87%D8%B0%D8%A7-%D8%A7%D9%84%D9%83%D8%B1%D9%8A%D8%B3%D9%85%D8%A7%D8%B3-%D9%84%D8%AF%D9%8A%D9%87-%D8%B3%D8%B1-%D9%85%D8%A7
ุฏููู ุงููุณุงูุฑ ุงูุญุฐุฑ ุฅูู ุงูุฃุฑุถ ุงูุฎุฑุงุจ,ุณูููุงุฑุฉ ุจุฑููููุณ,ูุชุฑุฌูุงุชุ ุฑูุงูุงุชุ ุฎูุงู ููุบุงูุฑุฉ,464,"ูุชุงุจ ุฏููู ุงููุณุงูุฑ ุงูุญุฐุฑ ุฅูู ุงูุฃุฑุถ ุงูุฎุฑุงุจ ุจููู ุณูููุงุฑุฉ ุจุฑููููุณ ... ""ููุงู ุฅู ุซูุฉ ุซูููุง ูุฌุจ ุนูู ูู ูุณุงูุฑ ุฅูู ุงูุฃุฑุถ ุงูุฎุฑุงุจ ุฃู ูุฏูุนู. ุซูู ุฃูุจุฑ ูู ูุฌุฑุฏ ุชูููุฉ ุฑุญูุฉ ุนูู ูุชู ูุทุงุฑ. ูููุฌ ุงูุนุงูู ูู ุงููุฑู ุงูุชุงุณุน ุนุดุฑ ุจุงูุนุฌุงุฆุจุ ููููุง ูุง ุชุถุงูู ุนุฌุงุฆุจ ุงูุฃุฑุถ ุงูุฎุฑุงุจุ ุงูุจูุนุฉ ุงูููุฌูุฑุฉ ุงููุชุฑุงููุฉ",https://www.aseeralkotb.com/ar/books/%D8%AF%D9%84%D9%8A%D9%84-%D8%A7%D9%84%D9%85%D8%B3%D8%A7%D9%81%D8%B1-%D8%A7%D9%84%D8%AD%D8%B0%D8%B1-%D8%A5%D9%84%D9%89-%D8%A7%D9%84%D8%A3%D8%B1%D8%B6-%D8%A7%D9%84%D8%AE%D8%B1%D8%A7%D8%A8
ุงูููุจ ุงูุฐู ุฃููุฐ ุงูุนุงูู,ุฑูุณ ูููููุฑุฏ,ูุชุฑุฌูุงุชุ ุฑูุงูุงุชุ ุฃุฏุจ ูุงุดุฆููุ ุฎูุงู ููุบุงูุฑุฉ,344,"ูุชุงุจ ุงูููุจ ุงูุฐู ุฃููุฐ ุงูุนุงูู ุจููู ุฑูุณ ูููููุฑุฏ ... ""ุชุชุนุฑู ุฌูุฑุฌู ุงูุจุงูุบุฉ ูู ุงูุนูุฑ ุฃุญุฏ ุนุดุฑ ุนุงููุง ูุน ุตุฏูููุง ุฑูุฒู ุนูู ุนุงูููุฉ ูุชูุงุนุฏุฉ ุบุฑูุจุฉ ุงูุฃุทูุงุฑุ ุชุฏุนู ุงูุฏูุชูุฑุฉ ุจุฑูุชูุฑููุณ. ููุตุจุญุง ููุถูุน ุงุฎุชุจุงุฑ ูุชุฌุฑุจุฉ ุฌุฏูุฏุฉ ููุซูุฑุฉ ููุณุฎุฉ ุซูุงุซูุฉ ุงูุฃุจุนุงุฏ ูู ุงููุณุชูุจู ุจุงุณุชุฎุฏุงู ุชูููุฉ ุงููุงูุน ุงูุงูุชุฑุงุถู. ู",https://www.aseeralkotb.com/ar/books/%D8%A7%D9%84%D9%83%D9%84%D8%A8-%D8%A7%D9%84%D8%B0%D9%8A-%D8%A3%D9%86%D9%82%D8%B0-%D8%A7%D9%84%D8%B9%D8%A7%D9%84%D9%85
ุงููุฐุจุฉ ุงูุฃููู ุชููุฒ,ุขุดูู ุงูุณุชูู,ูุชุฑุฌูุงุชุ ุฑูุงูุงุชุ ุฑุนุจ ูุบููุถ,360,"ูุชุงุจ ุงููุฐุจุฉ ุงูุฃููู ุชููุฒ ุจููู ุขุดูู ุงูุณุชูู ... ""ุชููู ุฅููู ุจูุฑุชุฑ ูููู ูุง ูุฏ ุชุชุทูุน ุฅููู ูุชุงุฉ ุฌููุจูุฉ ูุซุงููุฉ: ุญุจูุจ ูุซุงูู ุดุบููุ ููุฒู ูุญุงุท ุจุณูุงุฌ ุฃุจูุถ ูุญุฏููุฉ ุบูููุงุกุ ููุฌููุนุฉ ุฃุตุฏูุงุก ูู ุงูุทุจูุฉ ุงููุฎูููุฉ. ููู ููุงู ุนูุจุฉ ูุงุญุฏุฉ: ุฅููู ุจูุฑุชุฑ ูุง ูุฌูุฏ ููุง. ุญุงููุง ูุฒูููุฏูุง ุฑุฆูุณูุง ุงูุบุงูุถ ุงูุณู",https://www.aseeralkotb.com/ar/books/%D8%A7%D9%84%D9%83%D8%B0%D8%A8%D8%A9-%D8%A7%D9%84%D8%A3%D9%88%D9%84%D9%89-%D8%AA%D9%81%D9%88%D8%B2
ุงููุตุฑ ุงูุฃุญูุฑ,ุฌูู ููุฑ,ูุชุฑุฌูุงุชุ ุฑูุงูุงุชุ ุฌุฑููุฉ ูุชุดููู ๐ช๐ฉธุ ุฃุฏุจ ุดุฑู ุขุณูุง,336,"ูุชุงุจ ุงููุตุฑ ุงูุฃุญูุฑ ุจููู ุฌูู ููุฑ ... ""ุฅุฐุง ุฏุฎูุช ูุฐุง ุงููุตุฑ ูุฅูุง ุงูููุช ูุฅูุง ุงููุฌุงุฉ ุงูุชู ุชุฌุนูู ุดุจุญูุง ุขุฎุฑ ูุนูุด ุฏุงุฎู ุฌุฏุฑุงูู... ููููุฉ ุฌูุณููุ ููุฑูุง ุนุงู 1758.. ุงูุฎูุงุฑุงุช ุงููุชุงุญุฉ ููุจูุงุช ุบูุฑ ุงูุดุฑุนูุงุช ูู ุงูุนุงุตูุฉ ููููุฉุ ููู ุจูุซุงุจุฑุชูุง ุนูู ุงูุนูู ุงูุฌุงุฏ ูุงูุฏุฑุงุณุฉุ ุญุตูุช ูููู ุฐุงุช ุงูุฃุนูุงู ุงูุณุจุนุฉ ุน",https://www.aseeralkotb.com/ar/books/%D8%A7%D9%84%D9%82%D8%B5%D8%B1-%D8%A7%D9%84%D8%A3%D8%AD%D9%85%D8%B1-2
ุญูุฒุฉ,ุฏ. ูุญูุฏ ุงูุฏูุฑุฏุงุด ุงูุนูุงูู,ุฑูุงูุงุชุ ุณูุฑุฉ ููุฐูุฑุงุช,280,"ูุชุงุจ ุญูุฒุฉ ุจููู ุฏ. ูุญูุฏ ุงูุฏูุฑุฏุงุด ุงูุนูุงูู ... ""ูููููู ุญููููููุฒุฉู ูุง ุจูููุงููู ูููู ุฌููุฉ ูุฎุชุตูุฑุฉ ูุทู ุจูุง ุซุบุฑ ุงูุญุจูุจ ุงููุตุทูู ๏ทบุ ุชุญูู ุญุฒููุง ุนููููุง ูููุฏู ุนูู ูุตุฏูู ุงูุทูููุฉ ูุงูุดุจุงุจ ุญูููุฒุฉู ุจู ุนุจุฏ ุงููุทูุจุ ุญูุซ ุชุณุฑุฏ ุฃุญุฏุงุซ ุงูุฑูุงูุฉ ุณูุฑุฉ ุฃุณุฏ ุงูุฅุณูุงู ูุฑุณููู ๏ทบ ุงูุฐู ูุฏุฑ ุงูุชุตููู ุนูู ุฑุบู ุนุธูู",https://www.aseeralkotb.com/ar/books/%D8%AD%D9%85%D8%B2%D8%A9
ุฃุจุงุฏูู,ุญูุงู ูุงุดูู,ุฑูุงูุงุชุ ุฎูุงู ููุบุงูุฑุฉุ ูุงูุชุงุฒูุง,432,"ูุชุงุจ ุฃุจุงุฏูู ุจููู ุญูุงู ูุงุดูู ... ""ูู ุจูุนุฉ ูู ุจูุงุน ููููุฉ ุงูุจูุงุบุฉุ ูุญูุซ ุงูุถููุจุงุจ ุงููุซูู ููููู ูููู ุดูุก ููุฏ ูุงุญุช ุจู ุฎูุงูุงุช ุบุงูุถุฉ ููุฃููู ูุฑุณุงู ุงูุฃุฒููุฉ ุงูุชููููุฏุฉ ููุฑูู ุจูุ ููู ุญููุฏ """"ุฃุจุงุฏูู"""" ุงูุฃูุจุฑ ูููุจู ูุฎุชูุฌ ุจูู ุฃุถูุนู ูุงูุฏููููุน ูุง ุชุฒุงู ุนุงููุฉ ุจุฃูุฏุงุจูุ ุงุฎุชุฑู ุตูุช ุงูุดูููุฎ ุงูุฌููู ุฃ",https://www.aseeralkotb.com/ar/books/%D8%A3%D8%A8%D8%A7%D8%AF%D9%88%D9%84
ุญูู ูููุฑ,ุฌูุฑุฌ ุฑ. ุฑ. ูุงุฑุชู,ูุชุฑุฌูุงุชุ ุฑูุงูุงุชุ ุฎูุงู ููุบุงูุฑุฉ,392,"ูุชุงุจ ุญูู ูููุฑ ุจููู ุฌูุฑุฌ ุฑ. ุฑ. ูุงุฑุชู ... ""ุนูุฏูุง ุชููู ูุงุจุชู ุฃุจููุฑ ูุงุฑุด ุนุฑุถ ุดุฑุงูุฉ ูู ุซูุฑู ุฃุฑุณุชูุฑุงุทูุ ุดููู ูู ุฃู ุงูุฃูุฑ ููุฑูุจุ ููู ุนูุฏูุง ูุงุจู ูุฐุง ุงูุซุฑู ฺูุดูุง ููุฑูุ ุงูุฃููู ุงูุดุงุญุจุ ุฐุง ุงููุธุฑุงุช ุงููููุฉ ุงูุญุงุฒูุฉุ ุชุฃูููุฏ ููุง ุงุฑุชุงุจ ูููุ ููุฑู ูุง ูุนุจุฃ ุจูุง ุญุทูููู ุดุชุงุก ุนุงู 1857 ูู ุฃุณุทูู ุจูุงุฎ",https://www.aseeralkotb.com/ar/books/%D8%AD%D9%84%D9%85-%D9%81%D9%8A%D9%81%D8%B1
ููุชู ุงูุณูุฏ ูุง,ุฌูู ุดูู ูู ูู,ูุชุฑุฌูุงุชุ ุฑูุงูุงุชุ ุฌุฑููุฉ ูุชุดููู ๐ช๐ฉธุ ุฃุฏุจ ุดุฑู ุขุณูุง,336,"ูุชุงุจ ููุชู ุงูุณูุฏ ูุง ุจููู ุฌูู ุดูู ูู ููุ ุฅุณ ุฌูู ุฑูุฒุงู ... ""โ ูู ููุฏู ุนุดุฑูููุงุช ุงููุฑู ุงููุงุถูุ ูุชุดุงุจู ุงูุนุงูู ุงูุบุฑุจู ูุน ุงูุฌุงููุฉ ุงูุตูููุฉ ููููู ุงููุชุงู ูู ูุบุงูุฑุฉ ุจูููุณูุฉ ูุดููุฉ. ุชุนุฑู """"ูุงู ุดูู"""" ุงููุญุงุถุฑ ุงูุตููู ูู ุฌุงูุนุฉ ููุฏูุ ุฅูู ุงููุงุถู """"ุฏู ุฑูู ุฌูู"""" ูู ุฎูุงู ุงููููุณูู ุงูุดููุฑ """"ุจุฑุชุฑุงู",https://www.aseeralkotb.com/ar/books/%D9%85%D9%82%D8%AA%D9%84-%D8%A7%D9%84%D8%B3%D9%8A%D8%AF-%D9%85%D8%A7
ุบุตูู ุงูุจูุฏู (ุฌุฒุฆูู),ููู ุณูุงูุฉ,ุฑูุงูุงุชุ ุฑููุงูุณู ูุงุฌุชูุงุนู,680,"ูุชุงุจ ุบุตูู ุงูุจูุฏู (ุฌุฒุฆูู) ุจููู ููู ุณูุงูุฉ ... ""ูุงู ูุงูุง ูุงู ูู ุฒููู ูู ุงูุฃุฒูุงู ุฑุฃูุชู ููู ุงูุจูุฏู ุซูุงุซ ุญุจุงุช ุนูุฏ ูุณุฑูู ุชุชูุงุซุฑ ุงูุบููุงุช! ููู ูููู ูุง ูุฑูุฏุ ุฅุฐุง ููุง ูู ูุนุฑู ูุท ููู ููููุ""",https://www.aseeralkotb.com/ar/books/%D8%BA%D8%B5%D9%88%D9%86-%D8%A7%D9%84%D8%A8%D9%86%D8%AF%D9%82-%D8%AC%D8%B2%D8%A6%D9%8A%D9%86
